{"Training Step loss": 1.046822190284729, "_timestamp": 1717743873.6590095, "_runtime": 11.492774486541748, "_step": 0, "_wandb": {"runtime": 14}}