{"Training Step loss": 1.0408108234405518, "_timestamp": 1716707921.7347348, "_runtime": 12.604436874389648, "_step": 0, "_wandb": {"runtime": 39}}